{
  "lakefs": {
    "v1_metrics": {
      "mse": 22274562912.938072,
      "r2": -0.3485384996352736,
      "mae": 2469.9380750255104
    },
    "v2_metrics": {
      "mse": 34435.03724562752,
      "r2": 0.5572905008697793,
      "mae": 144.45999342236058
    },
    "dp_metrics": {
      "mse": 83458.52144291472,
      "r2": -0.07297343582322147,
      "mae": 224.9097021313562,
      "noise_multiplier": 1.8,
      "l2_norm_clip": 1.0,
      "epochs": 15,
      "batch_size": 32,
      "n_samples": 24000
    },
    "epsilon": 0.32175812094772616,
    "v1_v2_comparison": {
      "r2_improvement": 0.9058290005050529,
      "mse_improvement": 22274528477.900826
    },
    "dp_comparison": {
      "r2_diff": 0.6302639366930007,
      "mse_diff": 49023.484197287195
    }
  },
  "dvc": {
    "v1_metrics": {
      "mse": 22274562912.938072,
      "r2": -0.3485384996352736,
      "mae": 2469.9380750255104
    },
    "v2_metrics": {
      "mse": 34435.03724562752,
      "r2": 0.5572905008697793,
      "mae": 144.45999342236058
    },
    "dp_metrics": {
      "mse": 98129.73641123646,
      "r2": -0.2615919694384927,
      "mae": 243.0985483159706,
      "noise_multiplier": 1.8,
      "l2_norm_clip": 1.0,
      "epochs": 15,
      "batch_size": 32,
      "n_samples": 24000
    },
    "epsilon": 0.32175812094772616,
    "v1_v2_comparison": {
      "r2_improvement": 0.9058290005050529,
      "mse_improvement": 22274528477.900826
    },
    "dp_comparison": {
      "r2_diff": 0.818882470308272,
      "mse_diff": 63694.69916560894
    }
  }
}